{
  "observation_shape": [
    44
  ],
  "action_size": 2,
  "config": {
    "type": "dqn",
    "params": {
      "batch_size": 256,
      "gamma": 0.99,
      "observation_scaler": {
        "type": "none",
        "params": {}
      },
      "action_scaler": {
        "type": "none",
        "params": {}
      },
      "reward_scaler": {
        "type": "none",
        "params": {}
      },
      "compile_graph": false,
      "learning_rate": 6.25e-05,
      "optim_factory": {
        "type": "adam",
        "params": {
          "clip_grad_norm": null,
          "lr_scheduler_factory": {
            "type": "none",
            "params": {}
          },
          "betas": [
            0.9,
            0.999
          ],
          "eps": 1e-08,
          "weight_decay": 0,
          "amsgrad": false
        }
      },
      "encoder_factory": {
        "type": "default",
        "params": {
          "activation": "relu",
          "use_batch_norm": false,
          "dropout_rate": null
        }
      },
      "q_func_factory": {
        "type": "mean",
        "params": {
          "share_encoder": false
        }
      },
      "n_critics": 1,
      "target_update_interval": 8000
    }
  }
}